{
  "config": {
    "d_k": 32,
    "d_model": 96,
    "d_v": 48,
    "gamma": 0.5,
    "kernel": "softmax",
    "n_examples": 256,
    "n_tokens": 64,
    "null_tol": 1e-10,
    "out_dir": "runs",
    "rank_eff_eps": 1e-06,
    "seed": 0,
    "sigma": 0.5,
    "temperature_sweep_log10_max": 1.0,
    "temperature_sweep_log10_min": -1.0,
    "temperature_sweep_points": 21
  },
  "ker_tests": [],
  "metrics": {
    "B_singular_values": [
      1.7185301973325733,
      1.6379510371724602,
      1.6062571235799936,
      1.5147572094661674,
      1.4444199638257438,
      1.3712673922448713,
      1.3189029574552305,
      1.2799304737269288,
      1.2223297634429442,
      1.193581413473993,
      1.1291016502079572,
      1.0647969190633415,
      1.049150997314416,
      0.9662141263892222,
      0.9237490893776188,
      0.9004337474202084,
      0.8491801077234169,
      0.8166912482545623,
      0.754948669677964,
      0.7373322760549379,
      0.7149227955418771,
      0.6803737193807169,
      0.6337846689959634,
      0.606427163800151,
      0.559660133092763,
      0.5358040127153847,
      0.5052861561869985,
      0.4769906314156897,
      0.4365629613576744,
      0.3956991189764045,
      0.37357145827618615,
      0.320115840527733
    ],
    "dim_eff_span_N": 19.9343968742246,
    "dim_eff_span_U": 24.52615756466453,
    "gauge_rel_err_B": 2.3149974153397806e-15,
    "gauge_rel_err_Y": 3.0348909423349144e-15,
    "gauge_rel_err_logits": 3.1123557662583104e-15,
    "identity_rel_err_Y": 5.943953482903552e-16,
    "ker_WKt_dim": 0,
    "ker_WQt_dim": 0,
    "logits_from_projection_rel_err": 2.8911664054489193e-16,
    "rank_eff_P_example0": 37.14283574837335
  },
  "value_null_test": null
}